{
  "_fv": 18,
  "_type": "recipe",
  "definition": {
    "recipeType": "Smithing",
    "xpReward": 0.0,
    "cookingTime": 200,
    "recipeRetstackSize": 1,
    "group": "",
    "recipeShapeless": false,
    "smithingInputStack": {
      "value": "Items.LEATHER_CHESTPLATE"
    },
    "smithingInputAdditionStack": {
      "value": "CUSTOM:CoweriteIngot"
    },
    "smithingReturnStack": {
      "value": "CUSTOM:CoweriteArmor.body"
    },
    "name": "cowerite_chestplate_recipe",
    "namespace": "mod"
  }
}