{"stats":{"minecraft:picked_up":{"minecraft:arrow":3,"minecraft:bone":1,"minecraft:rotten_flesh":2,"minecraft:gunpowder":6},"minecraft:used":{"minecraft:item_frame":2,"minecraft:torch":8,"cow_mod:cowerite_ore":8,"minecraft:netherite_sword":10,"minecraft:glowstone":13,"minecraft:armor_stand":2,"minecraft:oak_sign":5},"minecraft:killed":{"minecraft:skeleton":4,"minecraft:zombie":2,"minecraft:creeper":7},"minecraft:custom":{"minecraft:time_since_rest":13851,"minecraft:play_one_minute":13851,"minecraft:crouch_one_cm":82,"minecraft:sprint_one_cm":4359,"minecraft:walk_one_cm":11906,"minecraft:sneak_time":682,"minecraft:mob_kills":13,"minecraft:jump":29,"minecraft:damage_dealt":2470,"minecraft:leave_game":1,"minecraft:time_since_death":13851,"minecraft:walk_on_water_one_cm":1326,"minecraft:fly_one_cm":186077}},"DataVersion":2586}