{
  "_fv": 18,
  "_type": "armor",
  "definition": {
    "enableHelmet": true,
    "textureHelmet": "cowerite_helmet",
    "enableBody": true,
    "textureBody": "cowerite_chestplate",
    "enableLeggings": true,
    "textureLeggings": "cowerite_leggings",
    "enableBoots": true,
    "textureBoots": "cowerite_boots",
    "creativeTab": {
      "value": "COMBAT"
    },
    "armorTextureFile": "cowerite_",
    "helmetName": "Cowerite Helmet",
    "bodyName": "Cowerite Chestplate",
    "leggingsName": "Cowerite Leggings",
    "bootsName": "Cowerite Boots",
    "helmetSpecialInfo": [],
    "bodySpecialInfo": [],
    "leggingsSpecialInfo": [],
    "bootsSpecialInfo": [],
    "helmetModelName": "Default",
    "helmetModelPart": "Helmet",
    "helmetModelTexture": "From armor",
    "bodyModelName": "Default",
    "bodyModelPart": "Body",
    "armsModelPartL": "Arms L",
    "armsModelPartR": "Arms R",
    "bodyModelTexture": "From armor",
    "leggingsModelName": "Default",
    "leggingsModelPartL": "Leggings L",
    "leggingsModelPartR": "Leggings R",
    "leggingsModelTexture": "From armor",
    "bootsModelName": "Default",
    "bootsModelPartL": "Boots L",
    "bootsModelPartR": "Boots R",
    "bootsModelTexture": "From armor",
    "maxDamage": 35,
    "damageValueHelmet": 4,
    "damageValueBody": 9,
    "damageValueLeggings": 7,
    "damageValueBoots": 4,
    "enchantability": 9,
    "toughness": 3.0,
    "knockbackResistance": 0.0,
    "equipSound": {
      "value": "item.armor.equip_leather"
    },
    "repairItems": [
      {
        "value": "CUSTOM:CoweriteIngot"
      }
    ]
  }
}