{
  "_fv": 18,
  "_type": "tool",
  "definition": {
    "renderType": 0,
    "texture": "leather_sword",
    "customModelName": "Normal",
    "name": "Leather Sword",
    "specialInfo": [
      "Bout as good as a small belt"
    ],
    "creativeTab": {
      "value": "COMBAT"
    },
    "toolType": "Sword",
    "harvestLevel": 1,
    "efficiency": 4.0,
    "attackSpeed": 2.0,
    "enchantability": 25,
    "damageVsEntity": 0.0,
    "usageCount": 20,
    "blocksAffected": [],
    "hasGlow": false,
    "repairItems": [
      {
        "value": "Items.LEATHER"
      }
    ],
    "immuneToFire": false,
    "stayInGridWhenCrafting": false,
    "damageOnCrafting": false
  }
}