{
  "_fv": 18,
  "_type": "tool",
  "definition": {
    "renderType": 0,
    "texture": "leather_pickaxe",
    "customModelName": "Normal",
    "name": "Leather Pickaxe",
    "specialInfo": [
      "Can't even break stone"
    ],
    "creativeTab": {
      "value": "TOOLS"
    },
    "toolType": "Pickaxe",
    "harvestLevel": 0,
    "efficiency": 0.0,
    "attackSpeed": 1.0,
    "enchantability": 25,
    "damageVsEntity": 0.0,
    "usageCount": 20,
    "blocksAffected": [],
    "hasGlow": false,
    "repairItems": [
      {
        "value": "Items.LEATHER"
      }
    ],
    "immuneToFire": false,
    "stayInGridWhenCrafting": false,
    "damageOnCrafting": false
  }
}